location,population,population_density,median_age,aged_65_older,aged_70_older,gdp_per_capita,cardiovasc_death_rate,diabetes_prevalence,female_smokers,male_smokers,hospital_beds_per_thousand,life_expectancy,human_development_index,date,total_cases,new_cases,total_deaths,new_deaths,total_cases_per_million,new_cases_per_million,total_deaths_per_million,new_deaths_per_million,incidence,mortality,iso_code,continent,cfr
Afghanistan,39835428.0,54.42,18.6,2.58,1.34,1803.99,597.03,9.59,,,0.5,64.83,0.51,2021-09-14,154180.0,86.0,7171.0,2.0,3870.42,2.16,180.02,0.05,53.9,3.77,AFG,Asia,4.65
Albania,2872934.0,104.87,38.0,13.19,8.64,11803.43,304.2,10.08,7.1,51.2,2.89,78.57,0.8,2021-09-14,158431.0,995.0,2553.0,5.0,55146.06,346.34,888.64,1.74,7826.15,30.98,ALB,Europe,1.61
Algeria,44616626.0,17.35,29.1,6.21,3.86,13913.84,278.36,6.73,0.7,30.4,1.9,76.88,0.75,2021-09-14,200528.0,227.0,5614.0,18.0,4494.47,5.09,125.83,0.4,297.42,18.38,DZA,Africa,2.8
Andorra,77354.0,163.76,,,,,109.14,7.97,29.0,37.8,,83.73,0.87,2021-09-14,15099.0,3.0,130.0,0.0,195193.53,38.78,1680.58,0.0,2262.33,12.93,AND,Europe,0.86
Angola,33933611.0,23.89,16.8,2.4,1.36,5819.5,276.04,3.94,,,,61.15,0.58,2021-09-14,51047.0,309.0,1358.0,13.0,1504.32,9.11,40.02,0.38,189.49,7.6,AGO,Africa,2.66
Antigua and Barbuda,98728.0,231.84,32.1,6.93,4.63,21490.94,191.51,13.17,,,3.8,77.02,0.78,2021-09-14,2304.0,7.0,48.0,0.0,23336.84,70.9,486.18,0.0,9186.86,50.64,ATG,North America,2.08
Argentina,45605823.0,16.18,31.9,11.2,7.44,18933.91,191.03,5.5,16.2,27.7,5.0,76.67,0.84,2021-09-14,5229848.0,3017.0,113816.0,176.0,114675.0,66.15,2495.65,3.86,3184.09,104.7,ARG,South America,2.18
Armenia,2968128.0,102.93,35.7,11.23,7.57,8787.58,341.01,7.11,1.5,52.1,4.2,75.09,0.78,2021-09-14,249803.0,657.0,5034.0,16.0,84161.8,221.35,1696.02,5.39,5136.23,114.21,ARM,Asia,2.02
Australia,25788217.0,3.2,37.9,15.5,10.13,44648.71,107.79,5.07,13.0,16.5,3.84,83.44,0.94,2021-09-14,78544.0,1643.0,1116.0,14.0,3045.73,63.71,43.28,0.54,1509.57,5.82,AUS,Oceania,1.42
Austria,9043072.0,106.75,44.4,19.2,13.75,45436.69,145.18,6.35,28.4,30.9,7.37,81.54,0.92,2021-09-14,713269.0,1696.0,10849.0,9.0,78874.63,187.55,1199.7,1.0,4924.99,10.28,AUT,Europe,1.52
Azerbaijan,10223344.0,119.31,32.4,6.02,3.87,15847.42,559.81,7.11,0.3,42.5,4.7,73.0,0.76,2021-09-14,463326.0,2077.0,6167.0,33.0,45320.4,203.16,603.23,3.23,9324.15,99.18,AZE,Asia,1.33
Bahamas,396914.0,39.5,34.3,9.0,5.2,27717.85,235.95,13.17,3.1,20.4,2.9,73.92,0.81,2021-09-14,19601.0,0.0,463.0,0.0,49383.49,0.0,1166.5,0.0,8717.25,382.95,BHS,North America,2.36
Bahrain,1748295.0,1935.91,32.4,2.37,1.39,43290.7,151.69,16.52,5.8,37.6,2.0,77.29,0.85,2021-09-14,273916.0,81.0,1388.0,0.0,156676.08,46.33,793.92,0.0,1714.24,2.29,BHR,Asia,0.51
Bangladesh,166303494.0,1265.04,27.5,5.1,3.26,3523.98,298.0,8.38,1.0,44.7,0.8,72.59,0.63,2021-09-14,1534440.0,2074.0,27007.0,35.0,9226.75,12.47,162.4,0.21,694.74,17.03,BGD,Asia,1.76
Barbados,287708.0,664.46,39.8,14.95,9.47,16978.07,170.05,13.57,1.9,14.5,5.8,79.19,0.81,2021-09-14,6053.0,69.0,52.0,0.0,21038.69,239.83,180.74,0.0,5310.94,13.9,BRB,North America,0.86
Belarus,9442867.0,46.86,40.3,14.8,9.79,17167.97,443.13,5.18,10.5,46.1,11.0,74.79,0.82,2021-09-14,506591.0,1630.0,3941.0,12.0,53648.01,172.62,417.35,1.27,4796.0,35.69,BLR,Europe,0.78
Belgium,11632334.0,375.56,41.8,18.57,12.85,42658.58,114.9,4.29,25.1,31.4,5.64,81.63,0.93,2021-09-14,1212106.0,1725.0,25477.0,4.0,104201.44,148.29,2190.19,0.34,5350.34,16.33,BEL,Europe,2.1
Belize,404915.0,16.43,25.0,3.85,2.28,7824.36,176.96,17.11,,,1.3,74.62,0.72,2021-09-14,17967.0,200.0,383.0,1.0,44372.28,493.93,945.88,2.47,7705.32,96.32,BLZ,North America,2.13
Benin,12451031.0,99.11,18.8,3.24,1.94,2064.24,235.85,0.99,0.6,12.3,0.5,61.77,0.55,2021-09-14,21450.0,1609.0,146.0,5.0,1722.75,129.23,11.73,0.4,994.7,2.65,BEN,Africa,0.68
Bhutan,779900.0,21.19,28.6,4.88,2.98,8708.6,217.07,9.75,,,1.7,71.78,0.65,2021-09-14,2596.0,0.0,3.0,0.0,3328.63,0.0,3.85,0.0,32.06,0.0,BTN,Asia,0.12
Bolivia,11832936.0,10.2,25.4,6.7,4.39,6885.83,204.3,6.89,,,1.1,71.51,0.72,2021-09-14,495612.0,577.0,18603.0,16.0,41884.11,48.76,1572.14,1.35,1114.18,35.33,BOL,South America,3.75
Bosnia and Herzegovina,3263459.0,68.5,42.5,16.57,10.71,11713.9,329.64,10.08,30.2,47.7,3.5,77.4,0.78,2021-09-14,222927.0,766.0,10099.0,34.0,68310.04,234.72,3094.57,10.42,4857.12,121.96,BIH,Europe,4.53
Botswana,2397240.0,4.04,25.8,3.94,2.24,15807.37,237.37,4.81,5.7,34.4,1.8,69.59,0.74,2021-09-14,165644.0,0.0,2337.0,0.0,69097.8,0.0,974.87,0.0,12049.69,151.84,BWA,Africa,1.41
Brazil,213993441.0,25.04,33.5,8.55,5.06,14103.45,177.96,8.11,10.1,17.9,2.2,75.88,0.76,2021-09-14,21019830.0,13406.0,587797.0,731.0,98226.52,62.65,2746.8,3.42,3064.26,87.57,BRA,South America,2.8
Brunei,441532.0,81.35,32.4,4.59,2.38,71809.25,201.28,12.79,2.0,30.9,2.7,75.86,0.84,2021-09-14,4431.0,108.0,21.0,0.0,10035.51,244.6,47.56,0.0,8398.03,40.77,BRN,Asia,0.47
Bulgaria,6896655.0,65.18,44.7,20.8,13.27,18563.31,424.69,5.81,30.1,44.4,7.45,75.05,0.82,2021-09-14,475299.0,2029.0,19744.0,83.0,68917.32,294.2,2862.84,12.04,6099.33,203.0,BGR,Europe,4.15
Burkina Faso,21497097.0,70.15,17.6,2.41,1.36,1703.1,269.05,2.42,1.6,23.9,0.4,61.58,0.45,2021-09-14,13959.0,9.0,171.0,0.0,649.34,0.42,7.96,0.0,13.21,0.05,BFA,Africa,1.23
Burundi,12255429.0,423.06,17.5,2.56,1.5,702.22,293.07,6.05,,,0.8,61.58,0.43,2021-09-14,14189.0,0.0,38.0,0.0,1157.77,0.0,3.1,0.0,372.81,0.0,BDI,Africa,0.27
Cambodia,16946446.0,90.67,25.6,4.41,2.38,3645.07,270.89,4.0,2.0,33.7,0.8,69.82,0.59,2021-09-14,100790.0,657.0,2058.0,9.0,5947.56,38.77,121.44,0.53,905.32,22.13,KHM,Asia,2.04
Cameroon,27224262.0,50.88,18.8,3.16,1.92,3364.93,244.66,7.2,,,1.3,59.29,0.56,2021-09-14,84210.0,0.0,1357.0,0.0,3093.2,0.0,49.84,0.0,64.5,0.7,CMR,Africa,1.61
Canada,38067913.0,4.04,41.4,16.98,10.8,44017.59,105.6,7.37,12.0,16.6,2.5,82.43,0.93,2021-09-14,1563143.0,4014.0,27315.0,26.0,41061.96,105.44,717.53,0.68,2733.88,16.13,CAN,North America,1.75
Cape Verde,561901.0,135.58,25.7,4.46,3.44,6222.55,182.22,2.42,2.1,16.5,2.1,72.98,0.66,2021-09-14,36694.0,54.0,323.0,1.0,65303.32,96.1,574.83,1.78,4087.91,40.93,CPV,Africa,0.88
Central African Republic,4919987.0,7.48,18.3,3.66,2.25,661.24,435.73,6.1,,,1.0,53.28,0.4,2021-09-14,11309.0,0.0,100.0,0.0,2298.58,0.0,20.32,0.0,11.79,0.2,CAF,Africa,0.88
Chad,16914985.0,11.83,16.7,2.49,1.45,1768.15,281.0,6.1,,,,54.24,0.4,2021-09-14,5019.0,2.0,174.0,0.0,296.72,0.12,10.29,0.0,2.19,0.0,TCD,Africa,3.47
Chile,19212362.0,24.28,35.4,11.09,6.94,22767.04,127.99,8.46,34.2,41.5,2.11,80.18,0.85,2021-09-14,1644832.0,292.0,37253.0,0.0,85613.21,15.2,1939.01,0.0,814.06,45.44,CHL,South America,2.26
China,1444216102.0,147.67,38.7,10.64,5.93,15308.71,261.9,9.74,1.9,48.4,4.34,76.91,0.76,2021-09-14,95476.0,73.0,4636.0,0.0,66.11,0.05,3.21,0.0,0.68,0.0,CHN,Asia,4.86
Colombia,51265841.0,44.22,32.2,7.65,4.31,13254.95,124.24,7.44,4.7,13.5,1.71,77.29,0.77,2021-09-14,4932998.0,1435.0,125713.0,26.0,96223.88,27.99,2452.18,0.51,1272.52,43.97,COL,South America,2.55
Comoros,888456.0,437.35,20.4,2.96,1.73,1413.89,261.52,11.88,4.4,23.6,2.2,64.32,0.55,2021-09-14,4100.0,0.0,147.0,0.0,4614.75,0.0,165.46,0.0,69.78,0.0,COM,Africa,3.59
Congo,5657017.0,15.4,19.0,3.4,2.06,4881.41,344.09,7.2,1.7,52.3,,64.57,0.57,2021-09-14,13701.0,0.0,183.0,0.0,2421.95,0.0,32.35,0.0,60.99,0.71,COG,Africa,1.34
Costa Rica,5139053.0,96.08,33.6,9.47,5.69,15525.0,137.97,8.78,6.4,17.4,1.13,80.28,0.81,2021-09-14,496736.0,6952.0,5851.0,97.0,96659.05,1352.78,1138.54,18.88,13317.82,124.54,CRI,North America,1.18
Cote d'Ivoire,27053629.0,76.4,18.7,2.93,1.58,3601.01,303.74,2.42,,,,57.78,0.54,2021-09-14,58226.0,78.0,534.0,14.0,2152.24,2.88,19.74,0.52,222.67,6.47,CIV,Africa,0.92
Croatia,4081657.0,73.73,44.0,19.72,13.05,22669.8,253.78,5.59,34.3,39.9,5.54,78.49,0.85,2021-09-14,385056.0,974.0,8456.0,9.0,94338.16,238.63,2071.71,2.2,4418.3,42.38,HRV,Europe,2.2
Cuba,11317498.0,110.41,43.1,14.74,9.72,,190.97,8.27,17.1,53.3,5.2,78.8,0.78,2021-09-14,761060.0,7516.0,6449.0,76.0,67246.31,664.1,569.83,6.72,21505.81,214.36,CUB,North America,0.85
Cyprus,888005.0,127.66,37.3,13.42,8.56,32415.13,141.17,9.24,19.6,52.7,3.4,80.98,0.89,2021-09-14,116494.0,126.0,534.0,2.0,131186.2,141.89,601.35,2.25,8583.29,87.84,CYP,Europe,0.46
Czechia,10724553.0,137.18,43.3,19.03,11.58,32605.91,227.48,6.82,30.5,38.3,6.63,79.38,0.9,2021-09-14,1683802.0,487.0,30416.0,2.0,157004.4,45.41,2836.11,0.19,706.79,4.01,CZE,Europe,1.81
Democratic Republic of Congo,92377986.0,35.88,17.0,3.02,1.74,808.13,318.95,6.1,,,,60.68,0.48,2021-09-14,56215.0,0.0,1068.0,0.0,608.53,0.0,11.56,0.0,32.05,0.19,COD,Africa,1.9
Denmark,5813302.0,136.52,42.3,19.68,12.32,46682.52,114.77,6.41,19.3,18.8,2.5,80.9,0.94,2021-09-14,354511.0,443.0,2616.0,0.0,60982.72,76.2,450.0,0.0,3870.09,9.29,DNK,Europe,0.74
Djibouti,1002197.0,41.28,25.4,4.21,2.38,2705.41,258.04,6.05,1.7,24.5,1.4,67.11,0.52,2021-09-14,11897.0,24.0,157.0,0.0,11870.92,23.95,156.66,0.0,214.53,1.0,DJI,Africa,1.32
Dominica,72172.0,98.57,,,,9673.37,227.38,11.62,,,3.8,75.0,0.74,2021-09-14,2634.0,354.0,8.0,2.0,36496.15,4904.95,110.85,27.71,23430.14,110.85,DMA,North America,0.3
Dominican Republic,10953714.0,222.87,27.6,6.98,4.42,14600.86,266.65,8.2,8.5,19.1,1.6,74.08,0.76,2021-09-14,353887.0,345.0,4020.0,2.0,32307.49,31.5,367.0,0.18,703.96,3.65,DOM,North America,1.14
Ecuador,17888474.0,66.94,28.1,7.1,4.46,10581.94,140.45,5.55,2.0,12.3,1.5,77.01,0.76,2021-09-14,505278.0,0.0,32448.0,0.0,28246.01,0.0,1813.9,0.0,643.49,32.31,ECU,South America,6.42
Egypt,104258327.0,98.0,25.3,5.16,2.89,10550.21,525.43,17.31,0.2,50.1,1.6,71.99,0.71,2021-09-14,293951.0,503.0,16895.0,10.0,2819.45,4.82,162.05,0.1,82.42,2.65,EGY,Africa,5.75
El Salvador,6518500.0,307.81,27.6,8.27,5.42,7292.46,167.3,8.87,2.5,18.8,1.3,73.32,0.67,2021-09-14,99701.0,0.0,3043.0,11.0,15295.08,0.0,466.82,1.69,1468.44,38.97,SLV,North America,3.05
Equatorial Guinea,1449891.0,45.19,22.4,2.85,1.75,22604.87,202.81,7.78,,,2.1,58.74,0.59,2021-09-14,10498.0,0.0,131.0,0.0,7240.54,0.0,90.35,0.0,1052.49,5.52,GNQ,Africa,1.25
Eritrea,3601462.0,44.3,19.3,3.61,2.17,1510.46,311.11,6.05,0.2,11.4,0.7,66.32,0.46,2021-09-14,6661.0,4.0,40.0,0.0,1849.53,1.11,11.11,0.0,16.66,0.83,ERI,Africa,0.6
Estonia,1325188.0,31.03,42.7,19.45,13.49,29481.25,255.57,4.02,24.5,39.3,4.69,78.74,0.89,2021-09-14,147357.0,473.0,1313.0,0.0,111197.05,356.93,990.8,0.0,7821.53,25.66,EST,Europe,0.89
Eswatini,1172369.0,79.49,21.5,3.16,1.84,7738.98,333.44,3.94,1.7,16.5,2.1,60.19,0.61,2021-09-14,45084.0,108.0,1186.0,7.0,38455.47,92.12,1011.63,5.97,7741.59,214.95,SWZ,Africa,2.63
Ethiopia,117876226.0,104.96,19.8,3.53,2.06,1729.93,182.63,7.47,0.4,8.5,0.3,66.6,0.48,2021-09-14,325379.0,1664.0,5001.0,34.0,2760.34,14.12,42.43,0.29,306.3,4.44,ETH,Africa,1.54
Fiji,902899.0,49.56,28.6,6.22,3.28,8702.98,412.82,14.49,10.2,34.8,2.3,67.44,0.74,2021-09-14,49244.0,131.0,539.0,1.0,54539.88,145.09,596.97,1.11,10492.87,189.39,FJI,Oceania,1.09
Finland,5548361.0,18.14,42.8,21.23,13.26,40585.72,153.51,5.76,18.3,22.6,3.28,81.91,0.94,2021-09-14,134305.0,454.0,1052.0,5.0,24206.25,81.83,189.61,0.9,3023.24,8.83,FIN,Europe,0.78
France,67564251.0,122.58,42.0,19.72,13.08,38605.67,86.06,4.77,30.1,35.6,5.98,82.66,0.9,2021-09-14,7007436.0,14456.0,116454.0,209.0,103715.14,213.96,1723.6,3.09,6866.87,52.23,FRA,Europe,1.66
Gabon,2278829.0,7.86,23.1,4.45,2.98,16562.41,259.97,7.2,,,6.3,66.47,0.7,2021-09-14,26903.0,0.0,173.0,0.0,11805.62,0.0,75.92,0.0,587.58,3.51,GAB,Africa,0.64
Gambia,2486937.0,207.57,17.5,2.34,1.42,1561.77,331.43,1.91,0.7,31.2,1.1,62.05,0.5,2021-09-14,9848.0,0.0,328.0,0.0,3959.89,0.0,131.89,0.0,262.57,22.92,GMB,Africa,3.33
Georgia,3979773.0,65.03,38.7,14.86,10.24,9745.08,496.22,7.11,5.3,55.5,2.6,73.77,0.81,2021-09-14,585036.0,3221.0,8287.0,54.0,147002.35,809.34,2082.28,13.57,25995.96,472.64,GEO,Asia,1.42
Germany,83900471.0,237.02,46.6,21.45,15.96,45229.24,156.14,8.31,28.2,33.1,8.0,81.33,0.95,2021-09-14,4102252.0,8840.0,92776.0,82.0,48894.27,105.36,1105.79,0.98,3265.46,10.7,DEU,Europe,2.26
Ghana,31732128.0,126.72,21.1,3.38,1.95,4227.63,298.24,4.97,0.3,7.7,0.9,64.07,0.61,2021-09-14,123874.0,0.0,1098.0,0.0,3903.74,0.0,34.6,0.0,414.85,5.55,GHA,Africa,0.89
Greece,10370747.0,83.48,45.3,20.4,14.52,24574.38,175.7,4.55,35.3,52.0,4.21,82.24,0.89,2021-09-14,620355.0,3590.0,14268.0,45.0,59817.77,346.17,1375.79,4.34,8025.46,103.85,GRC,Europe,2.3
Grenada,113015.0,317.13,29.4,7.3,5.02,13593.88,243.96,10.71,,,3.7,72.4,0.78,2021-09-14,2646.0,260.0,35.0,8.0,23412.82,2300.58,309.69,70.79,21820.11,300.85,GRD,North America,1.32
Guatemala,18249868.0,157.83,22.9,4.69,3.02,7423.81,155.9,10.18,,,0.6,74.3,0.66,2021-09-14,515756.0,4299.0,12795.0,41.0,28260.81,235.56,701.1,2.25,5628.31,89.86,GTM,North America,2.48
Guinea,13497237.0,51.76,19.0,3.14,1.73,1998.93,336.72,2.42,,,0.3,61.6,0.48,2021-09-14,30085.0,38.0,368.0,0.0,2228.98,2.82,27.26,0.0,152.99,6.0,GIN,Africa,1.22
Guinea-Bissau,2015490.0,66.19,19.4,3.0,1.56,1548.68,382.47,2.42,,,,58.32,0.48,2021-09-14,6031.0,9.0,127.0,2.0,2992.32,4.46,63.01,0.99,450.51,18.36,GNB,Africa,2.11
Guyana,790329.0,3.95,26.3,5.3,2.84,7435.05,373.16,11.62,,,1.6,69.91,0.68,2021-09-14,28234.0,135.0,692.0,5.0,35724.36,170.82,875.58,6.33,5912.73,149.3,GUY,South America,2.45
Haiti,11541683.0,398.45,24.3,4.8,2.95,1653.17,430.55,6.65,2.9,23.1,0.7,64.0,0.51,2021-09-14,21271.0,93.0,596.0,5.0,1842.97,8.06,51.64,0.43,66.19,1.73,HTI,North America,2.8
Honduras,10062994.0,82.8,24.9,4.65,2.88,4541.8,240.21,7.21,2.0,,0.7,75.27,0.63,2021-09-14,353641.0,0.0,9370.0,0.0,35142.72,0.0,931.13,0.0,3717.18,99.08,HND,North America,2.65
Hong Kong,7552800.0,7039.71,44.8,16.3,10.16,56054.92,,8.33,,,,84.86,0.95,2021-09-14,12148.0,2.0,213.0,0.0,1608.41,0.26,28.2,0.0,15.23,0.13,HKG,Asia,1.75
Hungary,9634162.0,108.04,43.4,18.58,11.98,26777.56,278.3,7.55,26.8,34.8,7.02,76.88,0.85,2021-09-14,815851.0,246.0,30102.0,4.0,84683.13,25.53,3124.51,0.42,574.52,6.64,HUN,Europe,3.69
Iceland,343360.0,3.4,37.3,14.43,9.21,46482.96,117.99,5.31,14.3,15.2,2.91,82.99,0.95,2021-09-14,11307.0,28.0,33.0,0.0,32930.45,81.55,96.11,0.0,5198.63,8.74,ISL,Europe,0.29
India,1393409033.0,450.42,28.2,5.99,3.41,6426.67,282.28,10.39,1.9,20.6,0.53,69.66,0.64,2021-09-14,33316755.0,27176.0,443497.0,284.0,23910.25,19.5,318.28,0.2,783.15,8.51,IND,Asia,1.33
Indonesia,276361788.0,145.72,29.3,5.32,3.05,11188.74,342.86,6.32,2.8,76.1,1.04,71.72,0.72,2021-09-14,4174216.0,4128.0,139415.0,250.0,15104.17,14.94,504.47,0.9,1157.4,78.98,IDN,Asia,3.34
Iran,85028760.0,49.83,32.4,5.44,3.18,19082.62,270.31,9.59,0.8,21.1,1.5,76.68,0.78,2021-09-14,5340656.0,22329.0,115167.0,408.0,62810.0,262.6,1354.45,4.8,10759.12,203.92,IRN,Asia,2.16
Iraq,41179351.0,88.12,20.0,3.19,1.96,15663.99,218.61,8.83,,,1.4,70.6,0.67,2021-09-14,1959369.0,4400.0,21596.0,46.0,47581.35,106.85,524.44,1.12,4458.67,46.72,IRQ,Asia,1.1
Ireland,4982904.0,69.87,38.7,13.93,8.68,67335.29,126.46,3.28,23.0,25.7,2.96,82.3,0.96,2021-09-14,368712.0,1176.0,5155.0,0.0,73995.4,236.01,1034.54,0.0,8823.17,19.27,IRL,Europe,1.4
Israel,8789776.0,402.61,30.6,11.73,7.36,33132.32,93.32,6.74,15.4,35.4,2.99,82.97,0.92,2021-09-14,1194783.0,10730.0,7438.0,32.0,135928.72,1220.74,846.21,3.64,29059.1,87.6,ISR,Asia,0.62
Italy,60367471.0,205.86,47.9,23.02,16.24,35220.08,113.15,4.78,19.8,27.8,3.18,83.51,0.89,2021-09-14,4613214.0,4009.0,130027.0,72.0,76418.87,66.41,2153.93,1.19,2858.24,26.42,ITA,Europe,2.82
Jamaica,2973462.0,266.88,31.4,9.68,6.39,8193.57,206.54,11.28,5.3,28.6,1.7,74.47,0.73,2021-09-14,76987.0,536.0,1736.0,2.0,25891.37,180.26,583.83,0.67,6403.98,146.63,JAM,North America,2.25
Japan,126050796.0,347.78,48.2,27.05,18.49,39002.22,79.37,5.72,11.2,33.7,13.05,84.63,0.92,2021-09-14,1652383.0,6255.0,16919.0,55.0,13108.87,49.62,134.22,0.44,3995.53,11.87,JPN,Asia,1.02
Jordan,10269022.0,109.28,23.2,3.81,2.36,8337.49,208.26,11.75,,,1.4,74.53,0.73,2021-09-14,809443.0,2059.0,10568.0,20.0,78823.77,200.51,1029.12,1.95,2531.4,34.57,JOR,Asia,1.31
Kazakhstan,18994958.0,6.68,30.6,6.99,4.62,24055.59,466.79,7.11,7.0,43.1,6.7,73.6,0.82,2021-09-14,921440.0,3232.0,15031.0,0.0,48509.72,170.15,791.32,0.0,8486.41,223.22,KAZ,Asia,1.63
Kenya,54985702.0,87.32,20.0,2.69,1.53,2993.03,218.64,2.92,1.2,20.4,1.4,66.7,0.6,2021-09-14,244380.0,451.0,4928.0,5.0,4444.43,8.2,89.62,0.09,430.17,10.69,KEN,Africa,2.02
Kiribati,121388.0,143.7,23.2,3.9,2.21,1981.13,434.66,22.66,35.9,58.9,1.9,68.37,0.63,2021-09-14,2.0,0.0,0.0,0.0,16.48,0.0,0.0,0.0,0.0,0.0,KIR,Oceania,0.0
Kosovo,1932774.0,168.16,,,,9795.83,,,,,,,,2021-09-14,157618.0,357.0,2833.0,24.0,81550.14,184.71,1465.77,12.42,21404.99,284.05,OWID_KOS,Europe,1.8
Kuwait,4328553.0,232.13,33.7,2.35,1.11,65530.54,132.24,15.84,2.7,37.0,2.0,75.49,0.81,2021-09-14,410901.0,59.0,2434.0,2.0,94928.03,13.63,562.31,0.46,1007.5,10.4,KWT,Asia,0.59
Kyrgyzstan,6628347.0,32.33,26.3,4.49,2.88,3393.47,436.36,7.11,3.6,50.5,4.5,71.45,0.7,2021-09-14,177308.0,82.0,2576.0,2.0,26749.96,12.37,388.63,0.3,787.22,19.61,KGZ,Asia,1.45
Laos,7379358.0,29.72,24.4,4.03,2.32,6397.36,368.11,4.0,7.3,51.2,1.5,67.92,0.61,2021-09-14,17682.0,127.0,16.0,0.0,2396.14,17.21,2.17,0.0,1028.54,0.95,LAO,Asia,0.09
Latvia,1866934.0,31.21,43.9,19.75,14.14,25063.85,350.06,4.91,25.6,51.0,5.57,75.29,0.87,2021-09-14,147788.0,460.0,2621.0,8.0,79160.81,246.39,1403.91,4.28,4106.2,32.14,LVA,Europe,1.77
Lebanon,6769151.0,594.56,31.1,8.51,5.43,13367.56,266.59,12.71,26.9,40.7,2.9,78.93,0.74,2021-09-14,614688.0,706.0,8210.0,8.0,90807.25,104.3,1212.86,1.18,4679.46,34.57,LBN,Asia,1.34
Lesotho,2159067.0,73.56,22.2,4.51,2.65,2851.15,405.13,3.94,0.4,53.9,,54.33,0.53,2021-09-14,14395.0,0.0,403.0,0.0,6667.23,0.0,186.66,0.0,70.4,2.78,LSO,Africa,2.8
Liberia,5180208.0,49.13,19.2,3.06,1.76,752.79,272.51,2.42,1.5,18.1,0.8,64.1,0.48,2021-09-14,5727.0,0.0,245.0,0.0,1105.55,0.0,47.3,0.0,43.05,4.63,LBR,Africa,4.28
Libya,6958538.0,3.62,29.0,4.42,2.82,17881.51,341.86,10.43,,,3.7,72.91,0.72,2021-09-14,326370.0,1149.0,4457.0,16.0,46902.09,165.12,640.51,2.3,6386.4,79.47,LBY,Africa,1.37
Liechtenstein,38254.0,237.01,,,,,,7.77,,,2.4,82.49,0.92,2021-09-14,3390.0,4.0,60.0,0.0,88618.18,104.56,1568.46,0.0,6143.15,26.14,LIE,Europe,1.77
Lithuania,2689862.0,45.14,43.5,19.0,13.78,29524.26,342.99,3.67,21.3,38.0,6.56,75.93,0.88,2021-09-14,309855.0,899.0,4721.0,10.0,115193.64,334.22,1755.11,3.72,7452.06,100.38,LTU,Europe,1.52
Luxembourg,634814.0,231.45,39.7,14.31,9.84,94277.96,128.28,4.42,20.9,26.0,4.51,82.25,0.92,2021-09-14,76894.0,96.0,834.0,0.0,121128.39,151.22,1313.77,0.0,3621.53,9.45,LUX,Europe,1.08
Madagascar,28427333.0,43.95,19.6,2.93,1.69,1416.44,405.99,3.94,,,0.2,67.04,0.53,2021-09-14,42898.0,0.0,958.0,0.0,1509.04,0.0,33.7,0.0,3.06,0.21,MDG,Africa,2.23
Malawi,19647681.0,197.52,18.1,2.98,1.78,1095.04,227.35,3.94,4.4,24.7,1.3,64.26,0.48,2021-09-14,61171.0,34.0,2244.0,2.0,3113.4,1.73,114.21,0.1,157.17,14.05,MWI,Africa,3.67
Malaysia,32776195.0,96.25,29.9,6.29,3.41,26808.16,260.94,16.74,1.0,42.4,1.9,76.16,0.81,2021-09-14,2011440.0,15669.0,21587.0,463.0,61368.93,478.06,658.62,14.13,18505.53,276.94,MYS,Asia,1.07
Maldives,543620.0,1454.43,30.6,4.12,2.88,15183.62,164.9,9.19,2.1,55.0,,78.92,0.74,2021-09-14,83070.0,120.0,227.0,0.0,152808.95,220.74,417.57,0.0,7234.83,9.2,MDV,Asia,0.27
Mali,20855724.0,15.2,16.4,2.52,1.49,2014.31,268.02,2.42,1.6,23.0,0.1,59.31,0.43,2021-09-14,14991.0,7.0,543.0,0.0,718.8,0.34,26.04,0.0,14.19,0.38,MLI,Africa,3.62
Malta,514564.0,1454.04,42.4,19.43,11.32,36513.32,168.71,8.83,20.9,30.2,4.49,82.53,0.9,2021-09-14,36843.0,50.0,449.0,0.0,71600.42,97.17,872.58,0.0,2926.75,36.92,MLT,Europe,1.22
Marshall Islands,59618.0,295.15,,,,3819.2,557.79,30.53,,,2.7,73.7,0.7,2021-09-14,4.0,0.0,0.0,0.0,67.09,0.0,,,0.0,0.0,MHL,Oceania,
Mauritania,4775110.0,4.29,20.3,3.14,1.79,3597.63,232.35,2.42,,,,64.92,0.55,2021-09-14,35042.0,92.0,760.0,0.0,7338.47,19.27,159.16,0.0,1030.55,25.13,MRT,Africa,2.17
Mauritius,1273428.0,622.96,37.4,10.94,5.88,20292.74,224.64,22.02,3.2,40.7,3.4,74.99,0.8,2021-09-14,13782.0,493.0,45.0,2.0,10822.76,387.14,35.34,1.57,6419.68,18.85,MUS,Africa,0.33
Mexico,130262220.0,66.44,29.3,6.86,4.32,17336.47,152.78,13.06,6.9,21.4,1.38,75.05,0.78,2021-09-14,3528972.0,12929.0,269016.0,1047.0,27091.29,99.25,2065.19,8.04,3354.78,160.05,MEX,North America,7.62
Micronesia (country),116255.0,150.78,23.0,4.81,2.39,3299.46,454.34,12.02,,,,67.88,0.62,2021-09-14,1.0,0.0,0.0,0.0,8.6,0.0,,,0.0,0.0,FSM,Oceania,
Moldova,4024025.0,123.66,37.6,10.86,6.96,5189.97,408.5,5.72,5.9,44.6,5.8,71.9,0.75,2021-09-14,276701.0,1143.0,6548.0,12.0,68762.25,284.04,1627.23,2.98,3642.37,59.64,MDA,Europe,2.37
Monaco,39520.0,19347.5,,,,,,5.46,,,13.8,86.75,,2021-09-14,3284.0,3.0,33.0,0.0,83097.17,75.91,835.02,0.0,5693.32,0.0,MCO,Europe,1.0
Mongolia,3329282.0,1.98,28.6,4.03,2.42,11840.85,460.04,4.82,5.5,46.5,7.0,69.87,0.74,2021-09-14,260709.0,2939.0,1056.0,10.0,78307.88,882.77,317.19,3.0,23463.92,54.07,MNG,Asia,0.41
Montenegro,628051.0,46.28,39.1,14.76,9.4,16409.29,387.3,10.08,44.0,47.9,3.86,76.88,0.83,2021-09-14,123129.0,765.0,1813.0,7.0,196049.36,1218.05,2886.71,11.15,26961.19,269.09,MNE,Europe,1.47
Morocco,37344787.0,80.08,29.6,6.77,4.21,7485.01,419.15,7.14,0.8,47.1,1.1,76.68,0.69,2021-09-14,908349.0,2785.0,13683.0,65.0,24323.32,74.58,366.4,1.74,3986.98,71.39,MAR,Africa,1.51
Mozambique,32163045.0,37.73,17.7,3.16,1.87,1136.1,329.94,3.3,5.1,29.1,0.7,60.85,0.46,2021-09-14,149480.0,221.0,1895.0,1.0,4647.57,6.87,58.92,0.03,333.64,5.57,MOZ,Africa,1.27
Myanmar,54806014.0,81.72,29.1,5.73,3.12,5591.6,202.1,4.61,6.3,35.2,0.9,67.13,0.58,2021-09-14,436527.0,2421.0,16693.0,76.0,7964.95,44.17,304.58,1.39,1500.71,62.58,MMR,Asia,3.82
Namibia,2587344.0,3.08,22.0,3.55,2.08,9541.81,243.81,3.94,9.7,34.2,,63.71,0.65,2021-09-14,126430.0,89.0,3437.0,1.0,48864.78,34.4,1328.39,0.39,1530.91,61.84,NAM,Africa,2.72
Nepal,29674920.0,204.43,25.0,5.81,3.21,2442.8,260.8,7.26,9.5,37.8,0.3,70.78,0.6,2021-09-14,779492.0,1180.0,10984.0,19.0,26267.7,39.76,370.14,0.64,1591.24,23.32,NPL,Asia,1.41
Netherlands,17173094.0,508.54,43.2,18.78,11.88,48472.54,109.36,5.29,24.4,27.3,3.32,82.28,0.94,2021-09-14,2011571.0,2154.0,18469.0,12.0,117135.04,125.43,1075.46,0.7,4472.81,14.62,NLD,Europe,0.92
New Zealand,4860642.0,18.21,37.9,15.32,9.72,36085.84,128.8,8.08,14.8,17.2,2.61,82.29,0.93,2021-09-14,3982.0,15.0,27.0,0.0,819.23,3.09,5.56,0.0,217.05,0.21,NZL,Oceania,0.68
Nicaragua,6702379.0,51.67,27.3,5.44,3.52,5321.44,137.02,11.47,,,0.9,74.48,0.66,2021-09-14,13025.0,675.0,202.0,1.0,1943.34,100.71,30.14,0.15,413.88,0.75,NIC,North America,1.55
Niger,25130810.0,16.95,15.1,2.55,1.38,926.0,238.34,2.42,0.1,15.4,0.3,62.42,0.39,2021-09-14,5932.0,3.0,201.0,1.0,236.04,0.12,8.0,0.04,8.28,0.2,NER,Africa,3.39
Nigeria,211400704.0,209.59,18.1,2.75,1.45,5338.45,181.01,2.42,0.6,10.8,,54.69,0.54,2021-09-14,200057.0,519.0,2637.0,18.0,946.34,2.46,12.47,0.08,83.04,1.98,NGA,Africa,1.32
North Macedonia,2082661.0,82.6,39.1,13.26,8.16,13111.21,322.69,10.08,,,4.28,75.8,0.77,2021-09-14,184277.0,572.0,6307.0,30.0,88481.52,274.65,3028.34,14.4,10617.67,362.52,MKD,Europe,3.42
Norway,5465629.0,14.46,39.7,16.82,10.81,64800.06,114.32,5.31,19.6,20.7,3.6,82.4,0.96,2021-09-14,178481.0,1219.0,829.0,2.0,32655.16,223.03,151.68,0.37,6220.14,3.84,NOR,Europe,0.46
Oman,5223376.0,14.98,30.7,2.36,1.53,37960.71,266.34,12.61,0.5,15.6,1.6,77.86,0.81,2021-09-14,303223.0,60.0,4090.0,1.0,58051.15,11.49,783.02,0.19,579.89,18.57,OMN,Asia,1.35
Pakistan,225199929.0,255.57,23.5,4.5,2.78,5034.71,423.03,8.35,2.8,36.7,0.6,67.27,0.56,2021-09-14,1212809.0,2727.0,26938.0,73.0,5385.48,12.11,119.62,0.32,491.7,10.92,PAK,Asia,2.22
Palau,18174.0,47.24,,,,13240.4,,15.89,7.7,22.7,4.8,73.7,0.83,2021-09-14,2.0,0.0,0.0,0.0,110.05,0.0,,,,,PLW,Oceania,
Palestine,5222756.0,778.2,20.4,3.04,1.73,4449.9,265.91,10.59,,,,74.05,0.71,2021-09-14,374768.0,2660.0,3837.0,6.0,71756.75,509.31,734.67,1.15,10479.91,40.97,PSE,Asia,1.02
Panama,4381583.0,55.13,29.7,7.92,5.03,22267.04,128.35,8.33,2.4,9.9,2.3,78.51,0.82,2021-09-14,462447.0,223.0,7141.0,4.0,105543.36,50.9,1629.78,0.91,3337.38,43.36,PAN,North America,1.54
Papua New Guinea,9119005.0,18.22,22.6,3.81,2.14,3823.19,561.49,17.65,23.5,48.8,,64.5,0.56,2021-09-14,18542.0,130.0,204.0,8.0,2033.34,14.26,22.37,0.88,80.71,1.32,PNG,Oceania,1.1
Paraguay,7219641.0,17.14,26.5,6.38,3.83,8827.01,199.13,8.27,5.0,21.6,1.3,74.25,0.73,2021-09-14,459391.0,51.0,16114.0,5.0,63630.73,7.06,2231.97,0.69,373.43,93.49,PRY,South America,3.51
Peru,33359415.0,25.13,29.1,7.15,4.46,12236.71,85.76,5.95,4.8,,1.6,76.74,0.78,2021-09-14,2162294.0,936.0,198840.0,41.0,64818.1,28.06,5960.54,1.23,853.79,43.38,PER,South America,9.2
Philippines,111046910.0,351.87,25.2,4.8,2.66,7599.19,370.44,7.07,7.8,40.8,1.0,71.23,0.72,2021-09-14,2266066.0,17995.0,35529.0,222.0,20406.38,162.05,319.95,2.0,4722.78,46.73,PHL,Asia,1.57
Poland,37797000.0,124.03,41.8,16.76,10.2,27216.44,227.33,5.91,23.3,33.1,6.62,78.73,0.88,2021-09-14,2894455.0,536.0,75433.0,8.0,76578.96,14.18,1995.74,0.21,241.34,3.55,POL,Europe,2.61
Portugal,10167923.0,112.37,46.2,21.5,14.92,27936.9,127.84,9.85,16.3,30.0,3.39,82.05,0.86,2021-09-14,1057100.0,1058.0,17872.0,6.0,103964.2,104.05,1757.68,0.59,5287.71,30.49,PRT,Europe,1.69
Qatar,2930524.0,227.32,31.9,1.31,0.62,116935.6,176.69,16.52,0.8,26.9,1.2,80.23,0.85,2021-09-14,234895.0,122.0,604.0,0.0,80154.61,41.63,206.11,0.0,1954.26,1.02,QAT,Asia,0.26
Romania,19127772.0,85.13,43.0,17.85,11.69,23313.2,370.95,9.74,22.9,37.1,6.89,76.05,0.83,2021-09-14,1126582.0,3929.0,35132.0,96.0,58897.71,205.41,1836.7,5.02,2057.69,40.99,ROU,Europe,3.12
Russia,145912022.0,8.82,39.6,14.18,9.39,24765.95,431.3,6.18,23.4,58.3,8.05,72.58,0.82,2021-09-14,7072825.0,17529.0,190793.0,762.0,48473.22,120.13,1307.59,5.22,3847.48,158.99,RUS,Europe,2.7
Rwanda,13276517.0,494.87,20.3,2.97,1.64,1854.21,191.38,4.28,4.7,21.0,,69.02,0.54,2021-09-14,93567.0,488.0,1180.0,5.0,7047.56,36.76,88.88,0.38,1044.33,16.65,RWA,Africa,1.26
Saint Kitts and Nevis,53546.0,212.86,,,,24654.38,,12.84,,,2.3,76.23,0.78,2021-09-14,1510.0,34.0,8.0,0.0,28200.05,634.97,149.4,0.0,15967.58,93.38,KNA,North America,0.53
Saint Lucia,184401.0,293.19,34.9,9.72,6.4,12951.84,204.62,11.62,,,1.3,76.2,0.76,2021-09-14,9971.0,148.0,132.0,0.0,54072.38,802.6,715.83,0.0,19549.79,200.65,LCA,North America,1.32
Saint Vincent and the Grenadines,111269.0,281.79,31.8,7.72,4.83,10727.15,252.68,11.62,,,2.6,72.53,0.74,2021-09-14,2521.0,34.0,13.0,1.0,22656.8,305.57,116.83,8.99,1860.36,8.99,VCT,North America,0.52
Samoa,200144.0,69.41,22.0,5.61,3.56,6021.56,348.98,9.21,16.7,38.1,,73.32,0.72,2021-09-14,3.0,0.0,0.0,0.0,14.99,0.0,0.0,0.0,0.0,0.0,WSM,Oceania,0.0
San Marino,34010.0,556.67,,,,56861.47,,5.64,,,3.8,84.97,,2021-09-14,5399.0,11.0,90.0,0.0,158747.43,323.43,2646.28,0.0,5204.35,0.0,SMR,Europe,1.67
Sao Tome and Principe,223364.0,212.84,18.7,2.89,2.16,3052.71,270.11,2.42,,,2.9,70.39,0.62,2021-09-14,2877.0,52.0,42.0,3.0,12880.32,232.8,188.03,13.43,1741.55,22.38,STP,Africa,1.46
Saudi Arabia,35340680.0,15.32,31.9,3.3,1.84,49045.41,259.54,17.72,1.8,25.4,2.7,75.13,0.85,2021-09-14,545829.0,0.0,8610.0,0.0,15444.78,0.0,243.63,0.0,239.24,6.28,SAU,Asia,1.58
Senegal,17196308.0,82.33,18.7,3.01,1.8,2470.58,241.22,2.42,0.4,16.6,,67.94,0.51,2021-09-14,73513.0,13.0,1837.0,4.0,4274.93,0.76,106.82,0.23,164.8,13.78,SEN,Africa,2.5
Serbia,6804596.0,80.29,41.2,17.37,,14048.88,439.42,10.08,37.7,40.2,5.61,76.0,0.81,2021-09-14,830884.0,7723.0,7601.0,26.0,122106.29,1134.97,1117.04,3.82,14525.48,63.78,SRB,Europe,0.91
Seychelles,98910.0,208.35,36.2,8.61,5.59,26382.29,242.65,10.55,7.1,35.7,3.6,73.4,0.8,2021-09-14,20593.0,0.0,106.0,0.0,208199.37,0.0,1071.68,0.0,14599.13,80.88,SYC,Africa,0.51
Sierra Leone,8141343.0,104.7,19.1,2.54,1.28,1390.3,325.72,2.42,8.8,41.3,,54.7,0.45,2021-09-14,6386.0,1.0,121.0,0.0,784.39,0.12,14.86,0.0,5.4,0.0,SLE,Africa,1.89
Singapore,5896684.0,7915.73,42.4,12.92,7.05,85535.38,92.24,10.99,5.2,28.3,2.4,83.62,0.94,2021-09-14,73131.0,837.0,58.0,0.0,12402.06,141.94,9.84,0.0,1180.15,2.37,SGP,Asia,0.08
Slovakia,5460726.0,113.13,41.2,15.07,9.17,30155.15,287.96,7.29,23.1,37.7,5.82,77.54,0.86,2021-09-14,399218.0,474.0,12562.0,2.0,73107.13,86.8,2300.43,0.37,1041.8,3.3,SVK,Europe,3.15
Slovenia,2078723.0,102.62,44.5,19.06,12.93,31400.84,153.49,7.25,20.1,25.0,4.5,81.32,0.92,2021-09-14,277853.0,1396.0,4473.0,3.0,133665.24,671.57,2151.8,1.44,7901.49,19.24,SVN,Europe,1.61
Solomon Islands,703995.0,21.84,20.8,3.51,2.04,2205.92,459.78,18.68,,,1.4,73.0,0.57,2021-09-14,20.0,0.0,0.0,0.0,28.41,0.0,0.0,0.0,0.0,0.0,SLB,Oceania,0.0
Somalia,16359500.0,23.5,16.8,2.73,1.5,,365.77,6.05,,,0.9,57.4,,2021-09-14,18568.0,0.0,1032.0,0.0,1135.0,0.0,63.08,0.0,137.47,9.11,SOM,Africa,5.56
South Africa,60041996.0,46.75,27.3,5.34,3.05,12294.88,200.38,5.52,8.1,33.2,2.32,64.13,0.71,2021-09-14,2864534.0,3699.0,85302.0,300.0,47708.84,61.61,1420.71,5.0,4312.78,135.92,ZAF,Africa,2.98
South Korea,51305184.0,527.97,43.4,13.91,8.62,35938.37,86.0,6.8,6.2,40.9,12.27,83.03,0.92,2021-09-14,277989.0,2079.0,2380.0,13.0,5418.34,40.52,46.39,0.25,1023.44,4.15,KOR,Asia,0.86
South Sudan,11381377.0,,19.2,3.44,2.03,1569.89,280.77,10.43,,,,57.85,0.43,2021-09-14,11755.0,132.0,121.0,1.0,1032.83,11.6,10.63,0.09,51.22,0.09,SSD,Africa,1.03
Spain,46745211.0,93.1,45.5,19.44,13.8,34272.36,99.4,7.17,27.4,31.4,2.97,83.56,0.9,2021-09-14,4918526.0,3261.0,85548.0,155.0,105219.89,69.76,1830.09,3.32,4813.03,65.85,ESP,Europe,1.74
Sri Lanka,21497306.0,341.96,34.1,10.07,5.33,11669.08,197.09,10.68,0.3,27.0,3.6,76.98,0.78,2021-09-14,490957.0,2475.0,11567.0,136.0,22838.07,115.13,538.07,6.33,6325.86,254.5,LKA,Asia,2.36
Sudan,44909351.0,23.26,19.7,3.55,2.03,4466.51,431.39,15.67,,,0.8,65.31,0.51,2021-09-14,37951.0,0.0,2873.0,36.0,845.06,0.0,63.97,0.8,9.08,1.34,SDN,Africa,7.57
Suriname,591798.0,3.61,29.6,6.93,4.23,13767.12,258.31,12.54,7.4,42.9,3.1,71.68,0.74,2021-09-14,34637.0,649.0,773.0,7.0,58528.42,1096.66,1306.19,11.83,13592.48,152.08,SUR,South America,2.23
Sweden,10160159.0,24.72,41.0,19.98,13.43,46949.28,133.98,4.79,18.8,18.9,2.22,82.8,0.94,2021-09-14,1141673.0,3656.0,14729.0,26.0,112367.63,359.84,1449.68,2.56,3102.9,6.99,SWE,Europe,1.29
Switzerland,8715494.0,214.24,43.1,18.44,12.64,57410.17,99.74,5.59,22.6,28.9,4.53,83.78,0.96,2021-09-14,816110.0,1992.0,10974.0,7.0,93638.98,228.56,1259.14,0.8,9263.39,18.47,CHE,Europe,1.34
Syria,18275704.0,,21.7,,2.58,,376.26,,,,1.5,72.7,0.57,2021-09-14,29805.0,157.0,2090.0,7.0,1630.85,8.59,114.36,0.38,189.49,8.37,SYR,Asia,7.01
Taiwan,23855008.0,,42.2,,8.35,,103.96,,,,,80.46,,2021-09-14,16098.0,5.0,839.0,0.0,674.83,0.21,35.17,0.0,10.31,0.75,TWN,Asia,5.21
Tajikistan,9749625.0,64.28,23.3,3.47,2.15,2896.91,427.7,7.11,,,4.8,71.1,0.67,2021-09-14,17484.0,0.0,125.0,0.0,1793.3,0.0,12.82,0.0,98.77,0.0,TJK,Asia,0.71
Tanzania,61498438.0,64.7,17.7,3.11,1.87,2683.3,217.29,5.75,3.3,26.7,0.7,65.46,0.53,2021-09-14,1367.0,0.0,50.0,0.0,22.23,0.0,0.81,0.0,0.0,0.0,TZA,Africa,3.64
Thailand,69950844.0,135.13,40.1,11.37,6.89,16277.67,109.86,7.04,1.9,38.8,2.1,77.15,0.78,2021-09-14,1406542.0,11786.0,14621.0,136.0,20107.58,168.49,209.02,1.94,7139.08,101.06,THA,Asia,1.04
Timor,1343875.0,87.18,18.0,3.56,1.9,6570.1,335.35,6.86,6.3,78.1,5.9,69.5,0.61,2021-09-14,18715.0,118.0,98.0,2.0,13926.15,87.81,72.92,1.49,4576.32,50.6,TLS,Asia,0.52
Togo,8478242.0,143.37,19.4,2.84,1.52,1429.81,280.03,6.15,0.9,14.2,0.7,61.04,0.52,2021-09-14,23947.0,169.0,208.0,1.0,2824.52,19.93,24.53,0.12,701.44,5.07,TGO,Africa,0.87
Trinidad and Tobago,1403374.0,266.89,36.2,10.01,5.82,28763.07,228.47,10.97,,,3.0,73.51,0.8,2021-09-14,47363.0,155.0,1386.0,5.0,33749.38,110.45,987.62,3.56,3916.99,146.79,TTO,North America,2.93
Tunisia,11935764.0,74.23,32.7,8.0,5.08,10849.3,318.99,8.52,1.1,65.8,2.3,76.7,0.74,2021-09-14,695406.0,9607.0,24274.0,30.0,58262.38,804.89,2033.72,2.51,5987.55,205.01,TUN,Africa,3.49
Turkey,85042736.0,104.91,31.6,8.15,5.06,25129.34,171.28,12.13,14.1,41.1,2.81,77.69,0.82,2021-09-14,6710636.0,27802.0,60393.0,276.0,78908.98,326.92,710.15,3.24,7431.71,85.06,TUR,Asia,0.9
Uganda,47123533.0,213.76,16.4,2.17,1.31,1697.71,213.33,2.5,3.4,16.7,0.5,63.37,0.54,2021-09-14,121617.0,30.0,3103.0,4.0,2580.81,0.64,65.85,0.08,522.67,4.69,UGA,Africa,2.55
Ukraine,43466822.0,77.39,41.4,16.46,11.13,7894.39,539.85,7.11,13.5,47.4,8.8,72.06,0.78,2021-09-14,2424416.0,3640.0,57913.0,116.0,55776.24,83.74,1332.35,2.67,1589.7,40.35,UKR,Europe,2.39
United Arab Emirates,9991083.0,112.44,34.0,1.14,0.53,67293.48,317.84,17.26,1.2,37.4,1.2,77.97,0.89,2021-09-14,730135.0,617.0,2066.0,2.0,73078.66,61.76,206.78,0.2,2838.43,6.51,ARE,Asia,0.28
United Kingdom,68207114.0,272.9,40.8,18.52,12.53,39753.24,122.14,4.28,20.0,24.7,2.54,81.32,0.93,2021-09-14,7316931.0,26763.0,134774.0,187.0,107275.19,392.38,1975.95,2.74,14951.14,51.39,GBR,Europe,1.84
United States,332915074.0,35.61,38.3,15.41,9.73,54225.45,151.09,10.79,19.1,24.6,2.77,78.86,0.93,2021-09-14,41461662.0,144334.0,663929.0,1823.0,124541.26,433.55,1994.29,5.48,14119.89,126.96,USA,North America,1.6
Uruguay,3485152.0,19.75,35.6,14.66,10.36,20551.41,160.71,6.93,14.0,19.9,2.8,77.91,0.82,2021-09-14,387028.0,155.0,6044.0,3.0,111050.54,44.47,1734.21,0.86,1071.98,11.76,URY,South America,1.56
Uzbekistan,33935765.0,76.13,28.2,4.47,2.87,6253.1,724.42,7.57,1.3,24.7,4.0,71.72,0.72,2021-09-14,165421.0,531.0,1164.0,5.0,4874.53,15.65,34.3,0.15,659.48,5.54,UZB,Asia,0.7
Vanuatu,314464.0,22.66,23.1,4.39,2.62,2921.91,546.3,12.02,2.8,34.5,,70.47,0.61,2021-09-14,4.0,0.0,1.0,0.0,12.72,0.0,3.18,0.0,0.0,0.0,VUT,Oceania,25.0
Vatican,812.0,,,,,,,,,,,75.12,,2021-09-14,27.0,0.0,0.0,0.0,33251.23,0.0,,,0.0,0.0,VAT,Europe,
Venezuela,28704947.0,36.25,29.0,6.61,3.92,16745.02,204.85,6.47,,,0.8,72.06,0.71,2021-09-14,348873.0,1226.0,4214.0,11.0,12153.76,42.71,146.8,0.38,1037.42,14.46,VEN,South America,1.21
Vietnam,98168829.0,308.13,32.6,7.15,4.72,6171.88,245.46,6.0,1.0,45.9,2.6,75.4,0.7,2021-09-14,635055.0,10508.0,15936.0,276.0,6469.01,107.04,162.33,2.81,3667.26,103.52,VNM,Asia,2.51
Yemen,30490639.0,53.51,20.3,2.92,1.58,1479.15,495.0,5.35,7.6,29.2,0.7,66.12,0.47,2021-09-14,8502.0,50.0,1608.0,4.0,278.84,1.64,52.74,0.13,39.65,6.72,YEM,Asia,18.91
Zambia,18920657.0,23.0,17.7,2.48,1.54,3689.25,234.5,3.94,3.1,24.7,2.0,63.89,0.58,2021-09-14,208049.0,89.0,3635.0,2.0,10995.87,4.7,192.12,0.11,305.91,5.6,ZMB,Africa,1.75
Zimbabwe,15092171.0,42.73,19.6,2.82,1.88,1899.78,307.85,1.82,1.6,30.7,1.7,61.49,0.57,2021-09-14,126817.0,418.0,4550.0,7.0,8402.83,27.7,301.48,0.46,445.86,29.22,ZWE,Africa,3.59
